{
    "wall_times": {
        "load_matches": 0.018713951110839844, 
        "compute_tracks": 0.0662541389465332, 
        "load_features": 0.590691089630127
    }, 
    "num_images": 5, 
    "view_graph": [
        [
            "03.jpg", 
            "04.jpg", 
            239
        ], 
        [
            "03.jpg", 
            "01.jpg", 
            26
        ], 
        [
            "03.jpg", 
            "02.jpg", 
            45
        ], 
        [
            "03.jpg", 
            "05.jpg", 
            1
        ], 
        [
            "04.jpg", 
            "03.jpg", 
            239
        ], 
        [
            "04.jpg", 
            "01.jpg", 
            7
        ], 
        [
            "04.jpg", 
            "02.jpg", 
            24
        ], 
        [
            "01.jpg", 
            "03.jpg", 
            26
        ], 
        [
            "01.jpg", 
            "04.jpg", 
            7
        ], 
        [
            "01.jpg", 
            "02.jpg", 
            64
        ], 
        [
            "01.jpg", 
            "05.jpg", 
            28
        ], 
        [
            "02.jpg", 
            "03.jpg", 
            45
        ], 
        [
            "02.jpg", 
            "04.jpg", 
            24
        ], 
        [
            "02.jpg", 
            "01.jpg", 
            64
        ], 
        [
            "02.jpg", 
            "05.jpg", 
            125
        ], 
        [
            "05.jpg", 
            "03.jpg", 
            1
        ], 
        [
            "05.jpg", 
            "01.jpg", 
            28
        ], 
        [
            "05.jpg", 
            "02.jpg", 
            125
        ]
    ], 
    "num_tracks": 493, 
    "wall_time": 0.6756591796875
}